{
  "timestamp": "2026-03-02T10:32:37.730Z",
  "agents": 50,
  "nodesPerAgent": 2,
  "totalNodes": 100,
  "baselineCompletionLatency": 177.18805499999988,
  "baselineWithSharding": 35.437610999999976,
  "throughputGain": 5,
  "avgCompletionWriteLatency": 31.158276720000014,
  "batchAdvancementTime": 12.080934999999982,
  "lockWaitTime": 0,
  "errorRate": 0,
  "allRecordsPresent": true,
  "semanticsValidated": true
}